{
  "project_info": {
    "project_number": "532896009646",
    "firebase_url": "https://datascience-aa44e.firebaseio.com",
    "project_id": "datascience-aa44e",
    "storage_bucket": "datascience-aa44e.appspot.com"
  },
  "client": [
    {
      "client_info": {
        "mobilesdk_app_id": "1:532896009646:android:4e795ec1fcf149b3",
        "android_client_info": {
          "package_name": "codeelit.datascience"
        }
      },
      "oauth_client": [
        {
          "client_id": "532896009646-1e2tm8tbiusk87aul2scrml0qlmp7bid.apps.googleusercontent.com",
          "client_type": 3
        }
      ],
      "api_key": [
        {
          "current_key": "AIzaSyAo1jeP8eZd-6mHdQmL1K1B7IbIzqzp9fY"
        }
      ],
      "services": {
        "analytics_service": {
          "status": 1
        },
        "appinvite_service": {
          "status": 1,
          "other_platform_oauth_client": []
        },
        "ads_service": {
          "status": 2
        }
      }
    }
  ],
  "configuration_version": "1"
}